row_index,overall_score,quality_level,clarity_score,specificity_score,completeness_score,structure_score,smart_criteria_score,word_count,sentence_count,has_numbers,negative_impact,score_explanation,objetivo,acoes
0,78.5,Alta,0.85,0.80,0.75,0.70,0.65,25,2,True,0.0,"
============================================================
üìä DETALHAMENTO DA AVALIA√á√ÉO
============================================================

üéØ NOTA FINAL: 78.5/100

üìã BREAKDOWN POR CRIT√âRIO:
----------------------------------------
‚Ä¢ Clareza        (25%): 21.3 pontos (base: 85.0/100)
‚Ä¢ Especificidade (25%): 20.0 pontos (base: 80.0/100)
‚Ä¢ Completude     (25%): 18.8 pontos (base: 75.0/100)
‚Ä¢ Estrutura      (15%): 10.5 pontos (base: 70.0/100)
‚Ä¢ Crit√©rios SMART(10%):  6.5 pontos (base: 65.0/100)

üîç AN√ÅLISE DETALHADA:
----------------------------------------
‚úÖ CLAREZA (EXCELENTE): Texto muito claro e compreens√≠vel
‚úÖ ESPECIFICIDADE (EXCELENTE): Muito espec√≠fico e detalhado
‚úÖ COMPLETUDE (BOA): Informa√ß√µes adequadas
‚úÖ ESTRUTURA (BOA): Bem estruturado
‚úÖ SMART (BOA): Atende razoavelmente aos crit√©rios SMART

üéØ CLASSIFICA√á√ÉO GERAL:
‚úÖ BOM - PDI de boa qualidade
============================================================
","Obter certifica√ß√£o AWS Solutions Architect Associate at√© junho de 2025 com nota m√≠nima de 720 pontos","Estudar documenta√ß√£o oficial AWS 10 horas por semana, realizar 5 simulados pr√°ticos, completar curso preparat√≥rio de 80 horas"
1,35.2,Baixa,0.30,0.25,0.20,0.40,0.15,4,1,False,0.0,"
============================================================
üìä DETALHAMENTO DA AVALIA√á√ÉO
============================================================

üéØ NOTA FINAL: 35.2/100

üìã BREAKDOWN POR CRIT√âRIO:
----------------------------------------
‚Ä¢ Clareza        (25%):  7.5 pontos (base: 30.0/100)
‚Ä¢ Especificidade (25%):  6.3 pontos (base: 25.0/100)
‚Ä¢ Completude     (25%):  5.0 pontos (base: 20.0/100)
‚Ä¢ Estrutura      (15%):  6.0 pontos (base: 40.0/100)
‚Ä¢ Crit√©rios SMART(10%):  1.5 pontos (base: 15.0/100)

üîç AN√ÅLISE DETALHADA:
----------------------------------------
‚ùå CLAREZA (BAIXA): Texto confuso, necessita reescrita
‚ùå ESPECIFICIDADE (BAIXA): Muito vago, adicionar detalhes
‚ùå COMPLETUDE (BAIXA): Informa√ß√µes insuficientes
‚ö†Ô∏è  ESTRUTURA (REGULAR): Estrutura pode melhorar
‚ùå SMART (BAIXA): N√£o atende aos crit√©rios SMART

üéØ CLASSIFICA√á√ÉO GERAL:
‚ùå INADEQUADO - PDI necessita reescrita
============================================================
","Melhorar comunica√ß√£o","Falar melhor"
2,89.3,Alta,0.95,0.90,0.85,0.80,0.75,45,4,True,0.0,"
============================================================
üìä DETALHAMENTO DA AVALIA√á√ÉO
============================================================

üéØ NOTA FINAL: 89.3/100

üìã BREAKDOWN POR CRIT√âRIO:
----------------------------------------
‚Ä¢ Clareza        (25%): 23.8 pontos (base: 95.0/100)
‚Ä¢ Especificidade (25%): 22.5 pontos (base: 90.0/100)
‚Ä¢ Completude     (25%): 21.3 pontos (base: 85.0/100)
‚Ä¢ Estrutura      (15%): 12.0 pontos (base: 80.0/100)
‚Ä¢ Crit√©rios SMART(10%):  7.5 pontos (base: 75.0/100)

üîç AN√ÅLISE DETALHADA:
----------------------------------------
‚úÖ CLAREZA (EXCELENTE): Texto muito claro e compreens√≠vel
‚úÖ ESPECIFICIDADE (EXCELENTE): Muito espec√≠fico e detalhado
‚úÖ COMPLETUDE (EXCELENTE): Informa√ß√µes muito completas
‚úÖ ESTRUTURA (EXCELENTE): Muito bem estruturado
‚úÖ SMART (BOA): Atende razoavelmente aos crit√©rios SMART

üéØ CLASSIFICA√á√ÉO GERAL:
üåü EXCELENTE - PDI de alta qualidade
============================================================
","Desenvolver expertise em an√°lise de dados utilizando Python e Power BI at√© dezembro de 2025, atingindo n√≠vel avan√ßado certificado para liderar projetos de BI na empresa","Completar curso Python para Data Science de 120h na Coursera, obter certifica√ß√£o Microsoft Power BI DA-100, praticar 15h semanais com datasets reais, desenvolver 5 dashboards corporativos, participar de 3 projetos de BI como lead t√©cnico"
